<Driver Description="Describe the purpose of your CloudShell shell" MainClass="driver.OctopusDeployOrchestratorDriver" Name="CloudshellAzureMediaServicesDriver" Version="1.0.0">
    <Layout>
        <!--<Category Name="Hidden Commands">-->
            <Command Description="..." Name="create_environment" DisplayName="Create Octopus Environment" />
            <Command Description="..." Name="delete_environment" DisplayName="Delete Octopus Environment" />
            <Command Description="..." Name="create_lifecycle" DisplayName="Create Octopus Lifecycle" />
            <Command Description="..." Name="delete_lifecycle" DisplayName="Delete Octopus Lifecycle" />
            <Command Description="..." Name="create_channel" DisplayName="Create Octopus Channel">
                <Parameters>
                    <Parameter Name="project_name" DisplayName="Project Name" Type="String" Mandatory="True" DefaultValue=""/>
                </Parameters>
            </Command>
            <Command Description="..." Name="delete_channel" DisplayName="Delete Octopus Channel">
                <Parameters>
                    <Parameter Name="project_name" DisplayName="Project Name" Type="String" Mandatory="True" DefaultValue=""/>
                </Parameters>
            </Command>
            <Command Description="..." Name="create_and_deploy_release" DisplayName="Create And Deploy Release">
                <Parameters>
                    <Parameter Name="project_name" DisplayName="Project Name" Type="String" Mandatory="True" DefaultValue=""/>
                </Parameters>
            </Command>
            <Command Description="..." Name="delete_release" DisplayName="Delete Release">
                <Parameters>
                    <Parameter Name="project_name" DisplayName="Project Name" Type="String" Mandatory="True" DefaultValue=""/>
                </Parameters>
            </Command>
            <Command Description="..." Name="add_existing_machine_to_environment" DisplayName="Add Existing Machine To Environment">
                <Parameters>
                    <Parameter Name="machine_name" DisplayName="Machine Name" Type="String" Mandatory="True" DefaultValue=""/>
                    <Parameter Name="environment_name" DisplayName="Environment Name" Type="String" Mandatory="True" DefaultValue=""/>
                    <Parameter Name="machine_roles" DisplayName="Machine Roles" Type="String" Mandatory="False" DefaultValue=""/>
                </Parameters>
            </Command>
            <Command Description="..." Name="remove_existing_machine_from_environment" DisplayName="Remove Existing Machine From Environment">
                <Parameters>
                    <Parameter Name="machine_name" DisplayName="Machine Name" Type="String" Mandatory="True" DefaultValue=""/>
                    <Parameter Name="environment_name" DisplayName="Environment Name" Type="String" Mandatory="True" DefaultValue=""/>
                </Parameters>
            </Command>
    </Layout>
</Driver>
